/*
SQLyog v10.2 
MySQL - 5.5.19 : Database - db_union
*********************************************************************
*/

/*!40101 SET NAMES utf8 */;

/*!40101 SET SQL_MODE=''*/;

/*!40014 SET @OLD_UNIQUE_CHECKS=@@UNIQUE_CHECKS, UNIQUE_CHECKS=0 */;
/*!40014 SET @OLD_FOREIGN_KEY_CHECKS=@@FOREIGN_KEY_CHECKS, FOREIGN_KEY_CHECKS=0 */;
/*!40101 SET @OLD_SQL_MODE=@@SQL_MODE, SQL_MODE='NO_AUTO_VALUE_ON_ZERO' */;
/*!40111 SET @OLD_SQL_NOTES=@@SQL_NOTES, SQL_NOTES=0 */;
CREATE DATABASE /*!32312 IF NOT EXISTS*/`db_union` /*!40100 DEFAULT CHARACTER SET utf8 */;

USE `db_union`;

/*Table structure for table `tb_advice` */

DROP TABLE IF EXISTS `tb_advice`;

CREATE TABLE `tb_advice` (
  `advice_id` int(11) NOT NULL AUTO_INCREMENT,
  `advice_num` varchar(20) DEFAULT NULL,
  `title` varchar(40) DEFAULT NULL,
  `advice_content` varchar(500) DEFAULT NULL,
  `advice_do` varchar(500) DEFAULT NULL,
  `advice_state` int(11) DEFAULT '0',
  `count` int(11) DEFAULT '0',
  `advice_agree` varchar(40) DEFAULT NULL,
  `advice_name` varchar(10) DEFAULT NULL,
  `advice_workspace` varchar(20) DEFAULT NULL,
  `advice_time` timestamp NOT NULL DEFAULT CURRENT_TIMESTAMP ON UPDATE CURRENT_TIMESTAMP,
  `contactway` varchar(11) DEFAULT NULL,
  `user_id` varchar(20) DEFAULT NULL,
  `department_id` varchar(20) DEFAULT NULL,
  PRIMARY KEY (`advice_id`)
) ENGINE=InnoDB AUTO_INCREMENT=318 DEFAULT CHARSET=utf8;

/*Data for the table `tb_advice` */

insert  into `tb_advice`(`advice_id`,`advice_num`,`title`,`advice_content`,`advice_do`,`advice_state`,`count`,`advice_agree`,`advice_name`,`advice_workspace`,`advice_time`,`contactway`,`user_id`,`department_id`) values (102,'1234567','测试','测试数据','测试数据',-1,5,'李小明','王小明','测试地点','2017-04-25 17:19:07','110','test','5'),(103,'123456','测试','测试数据','测试数据',1,6,'李小明','王小明','测试地点','2017-04-25 17:17:46','110','test','1'),(104,'123456','测试','测试数据','测试数据',1,1,'李小明','王小明','测试地点','2017-04-27 23:10:00','110','test','1'),(105,'123456','测试','测试数据','测试数据',2,0,'李小明','王小明','测试地点','2017-04-27 23:10:02','110','test','1'),(106,'123456','测试','测试数据','测试数据',2,0,'李小明','王小明','测试地点','2017-04-27 23:10:04','110','test','1'),(107,'123456','测试','测试数据','测试数据',2,0,'李小明','王小明','测试地点','2017-04-27 23:10:06','110','test','1'),(108,'123456','测试','测试数据','测试数据',2,0,'李小明','王小明','测试地点','2017-04-27 23:10:08','110','test','1'),(109,'123456','测试','测试数据','测试数据',2,0,'李小明','王小明','测试地点','2017-04-27 23:10:11','110','test','1'),(110,'123456','测试','测试数据','测试数据',2,0,'李小明','王小明','测试地点','2017-04-27 23:10:14','110','test','1'),(111,'123456','测试','测试数据','测试数据',2,0,'李小明','王小明','测试地点','2017-04-27 23:10:17','110','test','1'),(112,'123456','测试','测试数据','测试数据',2,0,'李小明','王小明','测试地点','2017-04-27 23:10:23','110','test','1'),(113,'123456','测试','测试数据','测试数据',0,0,'李小明','王小明','测试地点','2017-04-25 17:17:47','110','test','1'),(114,'123456','测试','测试数据','测试数据',0,0,'李小明','王小明','测试地点','2017-04-25 17:17:47','110','test','1'),(115,'123456','测试','测试数据','测试数据',0,0,'李小明','王小明','测试地点','2017-04-25 17:17:47','110','test','1'),(116,'123456','测试','测试数据','测试数据',1,0,'李小明','王小明','测试地点','2017-04-25 17:17:47','110','test','1'),(117,'','测试','测试数据','测试数据',5,0,'李小明','王小明','测试地点','2017-04-28 17:11:54','110','test','1'),(118,'123456','测试','测试数据','测试数据',0,0,'李小明','王小明','测试地点','2017-04-25 17:17:47','110','test','1'),(119,'12321','测试','测试数据','测试数据',4,0,'李小明','王小明','测试地点','2017-04-26 14:15:18','110','test','6'),(120,'123456','测试','测试数据','测试数据',0,0,'李小明','王小明','测试地点','2017-04-25 17:17:47','110','test','1'),(121,'123456','测试','测试数据','测试数据',0,0,'李小明','王小明','测试地点','2017-04-25 17:17:47','110','test','1'),(122,'123456','测试','测试数据','测试数据',0,0,'李小明','王小明','测试地点','2017-04-25 17:17:47','110','test','1'),(123,'123456','测试','测试数据','测试数据',0,0,'李小明','王小明','测试地点','2017-04-25 17:17:47','110','test','1'),(124,'123456','测试','测试数据','测试数据',0,0,'李小明','王小明','测试地点','2017-04-25 17:17:47','110','test','1'),(125,'123456','测试','测试数据','测试数据',0,0,'李小明','王小明','测试地点','2017-04-25 17:17:47','110','test','1'),(126,'123456','测试','测试数据','测试数据',0,0,'李小明','王小明','测试地点','2017-04-25 17:17:47','110','test','1'),(127,'123456','测试','测试数据','测试数据',0,0,'李小明','王小明','测试地点','2017-04-25 17:17:47','110','test','1'),(128,'123456','测试','测试数据','测试数据',0,0,'李小明','王小明','测试地点','2017-04-25 17:17:48','110','test','1'),(129,'123456','测试','测试数据','测试数据',0,0,'李小明','王小明','测试地点','2017-04-25 17:17:48','110','test','1'),(130,'123456','测试','测试数据','测试数据',0,0,'李小明','王小明','测试地点','2017-04-25 17:17:48','110','test','1'),(131,'123456','测试','测试数据','测试数据',0,0,'李小明','王小明','测试地点','2017-04-25 17:17:48','110','test','1'),(132,'123456','测试','测试数据','测试数据',0,0,'李小明','王小明','测试地点','2017-04-25 17:17:48','110','test','1'),(133,'123456','测试','测试数据','测试数据',0,0,'李小明','王小明','测试地点','2017-04-25 17:17:48','110','test','1'),(134,'123456','测试','测试数据','测试数据',0,0,'李小明','王小明','测试地点','2017-04-25 17:17:48','110','test','1'),(135,'123456','测试','测试数据','测试数据',0,0,'李小明','王小明','测试地点','2017-04-25 17:17:48','110','test','1'),(136,'123456','测试','测试数据','测试数据',0,0,'李小明','王小明','测试地点','2017-04-25 17:17:48','110','test','1'),(137,'123456','测试','测试数据','测试数据',0,0,'李小明','王小明','测试地点','2017-04-25 17:17:48','110','test','1'),(138,'123456','测试','测试数据','测试数据',0,0,'李小明','王小明','测试地点','2017-04-25 17:17:48','110','test','1'),(139,'123456','测试','测试数据','测试数据',0,1,'李小明','王小明','测试地点','2017-04-25 17:17:48','110','test','1'),(140,'123456','测试','测试数据','测试数据',0,0,'李小明','王小明','测试地点','2017-04-25 17:17:48','110','test','1'),(141,'123456','测试','测试数据','测试数据',0,0,'李小明','王小明','测试地点','2017-04-25 17:17:48','110','test','1'),(142,'123456','测试','测试数据','测试数据',0,0,'李小明','王小明','测试地点','2017-04-25 17:17:48','110','test','1'),(143,'123456','测试','测试数据','测试数据',0,0,'李小明','王小明','测试地点','2017-04-25 17:17:48','110','test','1'),(144,'123456','测试','测试数据','测试数据',0,0,'李小明','王小明','测试地点','2017-04-25 17:17:48','110','test','1'),(145,'123456','测试','测试数据','测试数据',0,0,'李小明','王小明','测试地点','2017-04-25 17:17:48','110','test','1'),(146,'123456','测试','测试数据','测试数据',0,0,'李小明','王小明','测试地点','2017-04-25 17:17:49','110','test','1'),(147,'123456','测试','测试数据','测试数据',0,0,'李小明','王小明','测试地点','2017-04-25 17:17:49','110','test','1'),(148,'123456','测试','测试数据','测试数据',0,0,'李小明','王小明','测试地点','2017-04-25 17:17:49','110','test','1'),(149,'123456','测试','测试数据','测试数据',0,0,'李小明','王小明','测试地点','2017-04-25 17:17:49','110','test','1'),(150,'123456','测试','测试数据','测试数据',0,0,'李小明','王小明','测试地点','2017-04-25 17:17:49','110','test','1'),(151,'123456','测试','测试数据','测试数据',0,0,'李小明','王小明','测试地点','2017-04-25 17:17:49','110','test','1'),(152,'123456','测试','测试数据','测试数据',0,0,'李小明','王小明','测试地点','2017-04-25 17:17:49','110','test','1'),(153,'123456','测试','测试数据','测试数据',0,0,'李小明','王小明','测试地点','2017-04-25 17:17:49','110','test','1'),(154,'123456','测试','测试数据','测试数据',0,0,'李小明','王小明','测试地点','2017-04-25 17:17:49','110','test','1'),(155,'123456','测试','测试数据','测试数据',0,0,'李小明','王小明','测试地点','2017-04-25 17:17:49','110','test','1'),(156,'123456','测试','测试数据','测试数据',0,0,'李小明','王小明','测试地点','2017-04-25 17:17:49','110','test','1'),(157,'123456','测试','测试数据','测试数据',0,0,'李小明','王小明','测试地点','2017-04-25 17:17:49','110','test','1'),(158,'123456','测试','测试数据','测试数据',0,0,'李小明','王小明','测试地点','2017-04-25 17:17:49','110','test','1'),(159,'123456','测试','测试数据','测试数据',0,0,'李小明','王小明','测试地点','2017-04-25 17:17:49','110','test','1'),(160,'123456','测试','测试数据','测试数据',0,0,'李小明','王小明','测试地点','2017-04-25 17:17:49','110','test','1'),(161,'123456','测试','测试数据','测试数据',0,0,'李小明','王小明','测试地点','2017-04-25 17:17:49','110','test','1'),(162,'123456','测试','测试数据','测试数据',0,0,'李小明','王小明','测试地点','2017-04-25 17:17:49','110','test','1'),(163,'123456','测试','测试数据','测试数据',0,0,'李小明','王小明','测试地点','2017-04-25 17:17:49','110','test','1'),(164,'123456','测试','测试数据','测试数据',0,0,'李小明','王小明','测试地点','2017-04-25 17:17:49','110','test','1'),(165,'123456','测试','测试数据','测试数据',0,0,'李小明','王小明','测试地点','2017-04-25 17:17:49','110','test','1'),(166,'123456','测试','测试数据','测试数据',0,0,'李小明','王小明','测试地点','2017-04-25 17:17:49','110','test','1'),(167,'123456','测试','测试数据','测试数据',0,0,'李小明','王小明','测试地点','2017-04-25 17:17:50','110','test','1'),(168,'123456','测试','测试数据','测试数据',0,0,'李小明','王小明','测试地点','2017-04-25 17:17:50','110','test','1'),(169,'123456','测试','测试数据','测试数据',0,0,'李小明','王小明','测试地点','2017-04-25 17:17:50','110','test','1'),(170,'123456','测试','测试数据','测试数据',0,0,'李小明','王小明','测试地点','2017-04-25 17:17:50','110','test','1'),(171,'123456','测试','测试数据','测试数据',0,0,'李小明','王小明','测试地点','2017-04-25 17:17:50','110','test','1'),(172,'123456','测试','测试数据','测试数据',0,0,'李小明','王小明','测试地点','2017-04-25 17:17:50','110','test','1'),(173,'123456','测试','测试数据','测试数据',0,0,'李小明','王小明','测试地点','2017-04-25 17:17:50','110','test','1'),(174,'123456','测试','测试数据','测试数据',0,0,'李小明','王小明','测试地点','2017-04-25 17:17:50','110','test','1'),(175,'123456','测试','测试数据','测试数据',0,0,'李小明','王小明','测试地点','2017-04-25 17:17:50','110','test','1'),(176,'123456','测试','测试数据','测试数据',0,0,'李小明','王小明','测试地点','2017-04-25 17:17:50','110','test','1'),(177,'123456','测试','测试数据','测试数据',0,0,'李小明','王小明','测试地点','2017-04-25 17:17:50','110','test','1'),(178,'123456','测试','测试数据','测试数据',0,0,'李小明','王小明','测试地点','2017-04-25 17:17:50','110','test','1'),(179,'123456','测试','测试数据','测试数据',0,0,'李小明','王小明','测试地点','2017-04-25 17:17:50','110','test','1'),(180,'123456','测试','测试数据','测试数据',0,0,'李小明','王小明','测试地点','2017-04-25 17:17:50','110','test','1'),(181,'123456','测试','测试数据','测试数据',0,0,'李小明','王小明','测试地点','2017-04-25 17:17:50','110','test','1'),(182,'123456','测试','测试数据','测试数据',0,0,'李小明','王小明','测试地点','2017-04-25 17:17:50','110','test','1'),(183,'123456','测试','测试数据','测试数据',0,0,'李小明','王小明','测试地点','2017-04-25 17:17:50','110','test','1'),(184,'123456','测试','测试数据','测试数据',0,0,'李小明','王小明','测试地点','2017-04-25 17:17:50','110','test','1'),(185,'123456','测试','测试数据','测试数据',0,0,'李小明','王小明','测试地点','2017-04-25 17:17:50','110','test','1'),(186,'123456','测试','测试数据','测试数据',0,0,'李小明','王小明','测试地点','2017-04-25 17:17:50','110','test','1'),(187,'123456','测试','测试数据','测试数据',0,0,'李小明','王小明','测试地点','2017-04-25 17:17:50','110','test','1'),(188,'123456','测试','测试数据','测试数据',0,0,'李小明','王小明','测试地点','2017-04-25 17:17:50','110','test','1'),(189,'123456','测试','测试数据','测试数据',0,0,'李小明','王小明','测试地点','2017-04-25 17:17:50','110','test','1'),(190,'123456','测试','测试数据','测试数据',0,0,'李小明','王小明','测试地点','2017-04-25 17:17:51','110','test','1'),(191,'123456','测试','测试数据','测试数据',0,0,'李小明','王小明','测试地点','2017-04-25 17:17:51','110','test','1'),(192,'123456','测试','测试数据','测试数据',0,0,'李小明','王小明','测试地点','2017-04-25 17:17:51','110','test','1'),(193,'123456','测试','测试数据','测试数据',0,0,'李小明','王小明','测试地点','2017-04-25 17:17:51','110','test','1'),(194,'123456','测试','测试数据','测试数据',0,0,'李小明','王小明','测试地点','2017-04-25 17:17:51','110','test','1'),(195,'123456','测试','测试数据','测试数据',0,0,'李小明','王小明','测试地点','2017-04-25 17:17:51','110','test','1'),(196,'123456','测试','测试数据','测试数据',0,0,'李小明','王小明','测试地点','2017-04-25 17:17:51','110','test','1'),(197,'123456','测试','测试数据','测试数据',0,0,'李小明','王小明','测试地点','2017-04-25 17:17:51','110','test','1'),(198,'123456','测试','测试数据','测试数据',0,0,'李小明','王小明','测试地点','2017-04-25 17:17:51','110','test','1'),(199,'123456','测试','测试数据','测试数据',0,0,'李小明','王小明','测试地点','2017-04-25 17:17:51','110','test','1'),(200,'3333333','测试','测试数据','测试数据',4,3,'李小明 测试 测试 测试','王小明','测试地点','2017-04-28 17:36:41','110','test','2'),(202,'123456','测试','测试数据','测试数据',0,0,'李小明','王小明','测试地点','2017-04-25 18:03:00','110','test','1'),(203,'123456','测试','测试数据','测试数据',0,0,'李小明','王小明','测试地点','2017-04-25 18:03:00','110','test','1'),(204,'123456','测试','测试数据','测试数据',0,0,'李小明','王小明','测试地点','2017-04-25 18:03:00','110','test','1'),(205,'123456','测试','测试数据','测试数据',0,0,'李小明','王小明','测试地点','2017-04-25 18:03:00','110','test','1'),(206,'123456','测试','测试数据','测试数据',0,0,'李小明','王小明','测试地点','2017-04-25 18:03:00','110','test','1'),(207,'123456','测试','测试数据','测试数据',0,0,'李小明','王小明','测试地点','2017-04-25 18:03:00','110','test','1'),(208,'123456','测试','测试数据','测试数据',0,0,'李小明','王小明','测试地点','2017-04-25 18:03:00','110','test','1'),(209,'123456','测试','测试数据','测试数据',0,0,'李小明','王小明','测试地点','2017-04-25 18:03:00','110','test','1'),(210,'123456','测试','测试数据','测试数据',0,0,'李小明','王小明','测试地点','2017-04-25 18:03:00','110','test','1'),(211,'123456','测试','测试数据','测试数据',0,0,'李小明','王小明','测试地点','2017-04-25 18:03:00','110','test','1'),(212,'123456','测试','测试数据','测试数据',0,0,'李小明','王小明','测试地点','2017-04-25 18:03:00','110','test','1'),(213,'123456','测试','测试数据','测试数据',0,0,'李小明','王小明','测试地点','2017-04-25 18:03:00','110','test','1'),(214,'123456','测试','测试数据','测试数据',0,0,'李小明','王小明','测试地点','2017-04-25 18:03:00','110','test','1'),(215,'123456','测试','测试数据','测试数据',0,0,'李小明','王小明','测试地点','2017-04-25 18:03:00','110','test','1'),(216,'123456','测试','测试数据','测试数据',0,0,'李小明','王小明','测试地点','2017-04-25 18:03:00','110','test','1'),(217,'123456','测试','测试数据','测试数据',0,0,'李小明','王小明','测试地点','2017-04-25 18:03:00','110','test','1'),(218,'123456','测试','测试数据','测试数据',0,0,'李小明','王小明','测试地点','2017-04-25 18:03:00','110','test','1'),(219,'123456','测试','测试数据','测试数据',0,0,'李小明','王小明','测试地点','2017-04-25 18:03:00','110','test','1'),(220,'123456','测试','测试数据','测试数据',0,0,'李小明','王小明','测试地点','2017-04-25 18:03:00','110','test','1'),(221,'123456','测试','测试数据','测试数据',0,0,'李小明','王小明','测试地点','2017-04-25 18:03:00','110','test','1'),(222,'123456','测试','测试数据','测试数据',0,0,'李小明','王小明','测试地点','2017-04-25 18:03:01','110','test','1'),(223,'123456','测试','测试数据','测试数据',0,0,'李小明','王小明','测试地点','2017-04-25 18:03:01','110','test','1'),(224,'123456','测试','测试数据','测试数据',0,0,'李小明','王小明','测试地点','2017-04-25 18:03:01','110','test','1'),(225,'123456','测试','测试数据','测试数据',0,0,'李小明','王小明','测试地点','2017-04-25 18:03:01','110','test','1'),(226,'123456','测试','测试数据','测试数据',0,0,'李小明','王小明','测试地点','2017-04-25 18:03:01','110','test','1'),(227,'123456','测试','测试数据','测试数据',0,0,'李小明','王小明','测试地点','2017-04-25 18:03:01','110','test','1'),(228,'123456','测试','测试数据','测试数据',0,0,'李小明','王小明','测试地点','2017-04-25 18:03:01','110','test','1'),(229,'123456','测试','测试数据','测试数据',0,0,'李小明','王小明','测试地点','2017-04-25 18:03:01','110','test','1'),(230,'123456','测试','测试数据','测试数据',0,0,'李小明','王小明','测试地点','2017-04-25 18:03:01','110','test','1'),(231,'123456','测试','测试数据','测试数据',0,0,'李小明','王小明','测试地点','2017-04-25 18:03:01','110','test','1'),(232,'123456','测试','测试数据','测试数据',0,0,'李小明','王小明','测试地点','2017-04-25 18:03:01','110','test','1'),(233,'123456','测试','测试数据','测试数据',0,0,'李小明','王小明','测试地点','2017-04-25 18:03:01','110','test','1'),(234,'123456','测试','测试数据','测试数据',0,0,'李小明','王小明','测试地点','2017-04-25 18:03:01','110','test','1'),(235,'123456','测试','测试数据','测试数据',0,0,'李小明','王小明','测试地点','2017-04-25 18:03:01','110','test','1'),(236,'123456','测试','测试数据','测试数据',0,0,'李小明','王小明','测试地点','2017-04-25 18:03:01','110','test','1'),(237,'123456','测试','测试数据','测试数据',0,0,'李小明','王小明','测试地点','2017-04-25 18:03:01','110','test','1'),(238,'123456','测试','测试数据','测试数据',0,0,'李小明','王小明','测试地点','2017-04-25 18:03:01','110','test','1'),(239,'123456','测试','测试数据','测试数据',0,0,'李小明','王小明','测试地点','2017-04-25 18:03:01','110','test','1'),(240,'123456','测试','测试数据','测试数据',0,0,'李小明','王小明','测试地点','2017-04-25 18:03:01','110','test','1'),(241,'123456','测试','测试数据','测试数据',0,0,'李小明','王小明','测试地点','2017-04-25 18:03:01','110','test','1'),(242,'123456','测试','测试数据','测试数据',0,0,'李小明','王小明','测试地点','2017-04-25 18:03:01','110','test','1'),(243,'123456','测试','测试数据','测试数据',0,0,'李小明','王小明','测试地点','2017-04-25 18:03:02','110','test','1'),(244,'123456','测试','测试数据','测试数据',0,0,'李小明','王小明','测试地点','2017-04-25 18:03:02','110','test','1'),(245,'123456','测试','测试数据','测试数据',0,0,'李小明','王小明','测试地点','2017-04-25 18:03:02','110','test','1'),(246,'123456','测试','测试数据','测试数据',0,0,'李小明','王小明','测试地点','2017-04-25 18:03:02','110','test','1'),(247,'123456','测试','测试数据','测试数据',0,0,'李小明','王小明','测试地点','2017-04-25 18:03:02','110','test','1'),(248,'123456','测试','测试数据','测试数据',0,0,'李小明','王小明','测试地点','2017-04-25 18:03:02','110','test','1'),(249,'123456','测试','测试数据','测试数据',0,0,'李小明','王小明','测试地点','2017-04-25 18:03:02','110','test','1'),(250,'123456','测试','测试数据','测试数据',0,0,'李小明','王小明','测试地点','2017-04-25 18:03:02','110','test','1'),(251,'123456','测试','测试数据','测试数据',0,0,'李小明','王小明','测试地点','2017-04-25 18:03:02','110','test','1'),(252,'123456','测试','测试数据','测试数据',0,0,'李小明','王小明','测试地点','2017-04-25 18:03:02','110','test','1'),(253,'123456','测试','测试数据','测试数据',0,0,'李小明','王小明','测试地点','2017-04-25 18:03:02','110','test','1'),(254,'123456','测试','测试数据','测试数据',0,0,'李小明','王小明','测试地点','2017-04-25 18:03:02','110','test','1'),(255,'123456','测试','测试数据','测试数据',0,0,'李小明','王小明','测试地点','2017-04-25 18:03:02','110','test','1'),(256,'123456','测试','测试数据','测试数据',0,0,'李小明','王小明','测试地点','2017-04-25 18:03:02','110','test','1'),(257,'123456','测试','测试数据','测试数据',0,0,'李小明','王小明','测试地点','2017-04-25 18:03:02','110','test','1'),(258,'123456','测试','测试数据','测试数据',0,0,'李小明','王小明','测试地点','2017-04-25 18:03:02','110','test','1'),(259,'123456','测试','测试数据','测试数据',0,0,'李小明','王小明','测试地点','2017-04-25 18:03:02','110','test','1'),(260,'123456','测试','测试数据','测试数据',0,0,'李小明','王小明','测试地点','2017-04-25 18:03:02','110','test','1'),(261,'123456','测试','测试数据','测试数据',0,0,'李小明','王小明','测试地点','2017-04-25 18:03:02','110','test','1'),(262,'123456','测试','测试数据','测试数据',0,0,'李小明','王小明','测试地点','2017-04-25 18:03:02','110','test','1'),(263,'123456','测试','测试数据','测试数据',0,0,'李小明','王小明','测试地点','2017-04-25 18:03:02','110','test','1'),(264,'123456','测试','测试数据','测试数据',0,0,'李小明','王小明','测试地点','2017-04-25 18:03:02','110','test','1'),(265,'123456','测试','测试数据','测试数据',0,0,'李小明','王小明','测试地点','2017-04-25 18:03:02','110','test','1'),(266,'123456','测试','测试数据','测试数据',0,0,'李小明','王小明','测试地点','2017-04-25 18:03:03','110','test','1'),(267,'123456','测试','测试数据','测试数据',0,0,'李小明','王小明','测试地点','2017-04-25 18:03:03','110','test','1'),(268,'123456','测试','测试数据','测试数据',0,0,'李小明','王小明','测试地点','2017-04-25 18:03:03','110','test','1'),(269,'123456','测试','测试数据','测试数据',0,0,'李小明','王小明','测试地点','2017-04-25 18:03:03','110','test','1'),(270,'123456','测试','测试数据','测试数据',0,0,'李小明','王小明','测试地点','2017-04-25 18:03:03','110','test','1'),(271,'123456','测试','测试数据','测试数据',0,0,'李小明','王小明','测试地点','2017-04-25 18:03:03','110','test','1'),(272,'123456','测试','测试数据','测试数据',0,0,'李小明','王小明','测试地点','2017-04-25 18:03:03','110','test','1'),(273,'123456','测试','测试数据','测试数据',0,0,'李小明','王小明','测试地点','2017-04-25 18:03:03','110','test','1'),(274,'123456','测试','测试数据','测试数据',0,0,'李小明','王小明','测试地点','2017-04-25 18:03:03','110','test','1'),(275,'123456','测试','测试数据','测试数据',0,0,'李小明','王小明','测试地点','2017-04-25 18:03:03','110','test','1'),(276,'123456','测试','测试数据','测试数据',0,0,'李小明','王小明','测试地点','2017-04-25 18:03:03','110','test','1'),(277,'123456','测试','测试数据','测试数据',0,0,'李小明','王小明','测试地点','2017-04-25 18:03:03','110','test','1'),(278,'123456','测试','测试数据','测试数据',0,0,'李小明','王小明','测试地点','2017-04-25 18:03:03','110','test','1'),(279,'123456','测试','测试数据','测试数据',0,0,'李小明','王小明','测试地点','2017-04-28 17:12:51','110','','1'),(280,'123456','测试','测试数据','测试数据',0,0,'李小明','王小明','测试地点','2017-04-25 18:03:03','110','test','1'),(281,'123456','测试','测试数据','测试数据',0,0,'李小明','王小明','测试地点','2017-04-25 18:03:03','110','test','1'),(282,'123456','测试','测试数据','测试数据',0,0,'李小明','王小明','测试地点','2017-04-25 18:03:03','110','test','1'),(283,'123456','测试','测试数据','测试数据',0,0,'李小明','王小明','测试地点','2017-04-25 18:03:03','110','test','1'),(284,'123456','测试','测试数据','测试数据',0,0,'李小明','王小明','测试地点','2017-04-25 18:03:03','110','test','1'),(285,'123456','测试','测试数据','测试数据',0,0,'李小明','王小明','测试地点','2017-04-25 18:03:03','110','test','1'),(286,'123456','测试','测试数据','测试数据',0,0,'李小明','王小明','测试地点','2017-04-25 18:03:03','110','test','1'),(287,'123456','测试','测试数据','测试数据',0,0,'李小明','王小明','测试地点','2017-04-25 18:03:03','110','test','1'),(288,'123456','测试','测试数据','测试数据',0,0,'李小明','王小明','测试地点','2017-04-25 18:03:03','110','test','1'),(289,'123456','测试','测试数据','测试数据',-1,2,'李小明 测试 测试','王小明','测试地点','2017-04-25 18:03:04','110','test','1'),(290,'12212','测试','测试数据','测试数据',4,3,'李小明 测试 测试 测试','王小明','测试地点','2017-04-25 18:03:04','110','test','7'),(291,'12345','测试','测试数据','测试数据',3,3,'李小明 测试 测试 测试','王小明','测试地点','2017-04-25 18:03:04','110','test','4'),(292,'123456','测试','测试数据','测试数据',0,1,'李小明 测试','王小明','测试地点','2017-04-25 18:03:04','110','test','1'),(293,'123456','测试','测试数据','测试数据',0,0,'李小明','王小明','测试地点','2017-04-25 18:03:04','110','test','1'),(294,'123456','测试','测试数据','测试数据',0,0,'李小明','王小明','测试地点','2017-04-25 18:03:04','110','test','1'),(295,'123456','测试','测试数据','测试数据',0,0,'李小明','王小明','测试地点','2017-04-25 18:03:04','110','test','1'),(296,'123456','测试','测试数据','测试数据',2,0,'李小明','王小明','测试地点','2017-04-27 21:17:40','110','test','1'),(297,'123456','测试','测试数据','测试数据',0,0,'李小明','王小明','测试地点','2017-04-25 18:03:04','110','test','1'),(298,'123456','测试','测试数据','测试数据',0,0,'李小明','王小明','测试地点','2017-04-25 18:03:04','110','test','1'),(299,'123456','测试','测试数据','测试数据',0,0,'李小明','王小明','测试地点','2017-04-25 18:03:04','110','test','1'),(300,'12345','测试','测试数据','测试数据',5,3,'李小明 测试 测试 测试','王小明','测试地点','2017-04-28 16:57:28','110','test','1'),(301,'1234567','测试','测试数据','测试数据',4,3,'李小明测试测试 测试 测试','王小明','测试地点','2017-04-25 18:03:05','110','test','2'),(313,NULL,'1111','1111111111','11111111111',-1,4,'测试 测试 测试 测试','11111111','1111','2017-04-28 15:09:35','111111111','test','1'),(314,NULL,'1111111111','111111111','1111111111',-1,3,'\'\' 测试 测试 测试','1111','111','2017-04-28 16:57:39','111111','test','1'),(315,NULL,'22222','22222222','22222222',-1,2,'\'\' 测试 测试','2','2','2017-04-28 16:57:47','2','test','1'),(316,'1212121','wew','qw2eedscxsdgfhkhjgfdsaASDFVBNM,MNBVCXZ','ASDFGHNMJK,HGFDSAsdfghjkl;kjhgfdsa',2,3,'测试 测试 测试','233re','465tgf','2017-04-28 15:28:04','sdw','test','3'),(317,'12341234','cui','qewdrfgthjkljhgfdsxzXcvbnm,.jhgdsdryuioiuytdsaSDFGHJKLJHGFDS','SDFGHJKL.JHTGREDWSQSERTYUIOPOIUYTRDSAZXCVBNM,.,MNBVCXZasDFGHYUILOPOIUYTREWQSERTYUKL;\'',2,2,'测试 测试','Lee','123','2017-04-28 18:53:18','124354765','test','5');

/*Table structure for table `tb_committee` */

DROP TABLE IF EXISTS `tb_committee`;

CREATE TABLE `tb_committee` (
  `committee_id` varchar(5) NOT NULL,
  `committee_pass` varchar(10) DEFAULT NULL,
  `committee_name` varchar(10) DEFAULT NULL,
  PRIMARY KEY (`committee_id`)
) ENGINE=InnoDB DEFAULT CHARSET=utf8;

/*Data for the table `tb_committee` */

insert  into `tb_committee`(`committee_id`,`committee_pass`,`committee_name`) values ('test','test','测试'),('test1','test','测试1');

/*Table structure for table `tb_department` */

DROP TABLE IF EXISTS `tb_department`;

CREATE TABLE `tb_department` (
  `department_id` varchar(5) NOT NULL,
  `department_password` varchar(10) DEFAULT NULL,
  `department_name` varchar(10) DEFAULT NULL,
  PRIMARY KEY (`department_id`)
) ENGINE=InnoDB DEFAULT CHARSET=utf8;

/*Data for the table `tb_department` */

insert  into `tb_department`(`department_id`,`department_password`,`department_name`) values ('1','test','test'),('10','test','test'),('11','test','test'),('12','test','test'),('13','test','test'),('14','test','test'),('15','test','test'),('16','test','test'),('17','test','test'),('18','test','test'),('19','test','test'),('2','test','test'),('20','test','test'),('21','test','test'),('22','test','test'),('23','test','test'),('24','test','test'),('25','test','test'),('26','test','test'),('27','test','test'),('28','test','test'),('29','test','test'),('3','test','test'),('30','test','test'),('4','test','test'),('5','test','test'),('6','test','test'),('7','test','test'),('8','test','test'),('9','test','test');

/*Table structure for table `tb_event` */

DROP TABLE IF EXISTS `tb_event`;

CREATE TABLE `tb_event` (
  `event_id` int(11) NOT NULL AUTO_INCREMENT,
  `event_title` varchar(50) DEFAULT NULL,
  `event_content` varchar(1000) DEFAULT NULL,
  `event_time` timestamp NOT NULL DEFAULT CURRENT_TIMESTAMP,
  PRIMARY KEY (`event_id`)
) ENGINE=InnoDB AUTO_INCREMENT=51 DEFAULT CHARSET=utf8;

/*Data for the table `tb_event` */

insert  into `tb_event`(`event_id`,`event_title`,`event_content`,`event_time`) values (1,'娴嬭瘯','lihou','2017-06-22 23:32:12'),(2,'娴嬭瘯','lihou','2017-06-22 23:32:12'),(3,'娴嬭瘯','lihou','2017-06-22 23:32:12'),(4,'娴嬭瘯','lihou','2017-06-22 23:32:12'),(5,'娴嬭瘯','lihou','2017-06-22 23:32:12'),(6,'娴嬭瘯','lihou','2017-06-22 23:32:12'),(7,'娴嬭瘯','lihou','2017-06-22 23:32:12'),(8,'娴嬭瘯','lihou','2017-06-22 23:32:12'),(9,'娴嬭瘯','lihou','2017-06-22 23:32:12'),(10,'娴嬭瘯','lihou','2017-06-22 23:32:12'),(11,'娴嬭瘯','lihou','2017-06-22 23:32:12'),(12,'娴嬭瘯','lihou','2017-06-22 23:32:12'),(13,'娴嬭瘯','lihou','2017-06-22 23:32:12'),(14,'娴嬭瘯','lihou','2017-06-22 23:32:12'),(15,'娴嬭瘯','lihou','2017-06-22 23:32:12'),(16,'娴嬭瘯','lihou','2017-06-22 23:32:12'),(17,'娴嬭瘯','lihou','2017-06-22 23:32:13'),(18,'娴嬭瘯','lihou','2017-06-22 23:32:13'),(19,'娴嬭瘯','lihou','2017-06-22 23:32:13'),(20,'娴嬭瘯','lihou','2017-06-22 23:32:13'),(21,'娴嬭瘯','lihou','2017-06-22 23:32:13'),(22,'娴嬭瘯','lihou','2017-06-22 23:32:13'),(23,'娴嬭瘯','lihou','2017-06-22 23:32:13'),(24,'娴嬭瘯','lihou','2017-06-22 23:32:13'),(25,'娴嬭瘯','lihou','2017-06-22 23:32:13'),(26,'娴嬭瘯','lihou','2017-06-22 23:32:13'),(27,'娴嬭瘯','lihou','2017-06-22 23:32:13'),(28,'娴嬭瘯','lihou','2017-06-22 23:32:13'),(29,'娴嬭瘯','lihou','2017-06-22 23:32:13'),(30,'娴嬭瘯','lihou','2017-06-22 23:32:13'),(31,'娴嬭瘯','lihou','2017-06-22 23:32:13'),(32,'娴嬭瘯','lihou','2017-06-22 23:32:13'),(33,'娴嬭瘯','lihou','2017-06-22 23:32:13'),(34,'娴嬭瘯','lihou','2017-06-22 23:32:13'),(35,'娴嬭瘯','lihou','2017-06-22 23:32:13'),(36,'娴嬭瘯','lihou','2017-06-22 23:32:13'),(37,'娴嬭瘯','lihou','2017-06-22 23:32:13'),(38,'娴嬭瘯','lihou','2017-06-22 23:32:14'),(39,'娴嬭瘯','lihou','2017-06-22 23:32:14'),(40,'娴嬭瘯','lihou','2017-06-22 23:32:14'),(41,'娴嬭瘯','lihou','2017-06-22 23:32:14'),(42,'娴嬭瘯','lihou','2017-06-22 23:32:14'),(43,'娴嬭瘯','lihou','2017-06-22 23:32:14'),(44,'娴嬭瘯','lihou','2017-06-22 23:32:14'),(45,'娴嬭瘯','lihou','2017-06-22 23:32:14'),(46,'娴嬭瘯','lihou','2017-06-22 23:32:14'),(47,'娴嬭瘯','lihou','2017-06-22 23:32:14'),(48,'娴嬭瘯','lihou','2017-06-22 23:32:14'),(49,'娴嬭瘯','lihou','2017-06-22 23:32:14'),(50,'娴嬭瘯','lihou','2017-06-22 23:32:14');

/*Table structure for table `tb_leader` */

DROP TABLE IF EXISTS `tb_leader`;

CREATE TABLE `tb_leader` (
  `leader_id` int(11) NOT NULL AUTO_INCREMENT,
  `leader_password` varchar(40) DEFAULT NULL,
  `leader_name` varchar(10) DEFAULT NULL,
  PRIMARY KEY (`leader_id`)
) ENGINE=InnoDB AUTO_INCREMENT=2 DEFAULT CHARSET=utf8;

/*Data for the table `tb_leader` */

insert  into `tb_leader`(`leader_id`,`leader_password`,`leader_name`) values (1,'weiyao','测试');

/*Table structure for table `tb_manage` */

DROP TABLE IF EXISTS `tb_manage`;

CREATE TABLE `tb_manage` (
  `manage_id` varchar(15) NOT NULL,
  `manage_pass` varchar(15) DEFAULT NULL,
  PRIMARY KEY (`manage_id`)
) ENGINE=InnoDB DEFAULT CHARSET=utf8;

/*Data for the table `tb_manage` */

insert  into `tb_manage`(`manage_id`,`manage_pass`) values ('12345','12345'),('娴嬭瘯','54321');

/*Table structure for table `tb_meeting` */

DROP TABLE IF EXISTS `tb_meeting`;

CREATE TABLE `tb_meeting` (
  `meeting_id` int(11) NOT NULL AUTO_INCREMENT,
  `meeting_title` varchar(50) DEFAULT NULL,
  `meeting_content` varchar(1000) DEFAULT NULL,
  `meeting_time` timestamp NOT NULL DEFAULT CURRENT_TIMESTAMP ON UPDATE CURRENT_TIMESTAMP,
  PRIMARY KEY (`meeting_id`)
) ENGINE=InnoDB AUTO_INCREMENT=201 DEFAULT CHARSET=utf8;

/*Data for the table `tb_meeting` */

insert  into `tb_meeting`(`meeting_id`,`meeting_title`,`meeting_content`,`meeting_time`) values (151,'ceshi','ceshi','2017-06-22 14:35:44'),(152,'ceshi','ceshi','2017-06-22 14:35:44'),(153,'ceshi','ceshi','2017-06-22 14:35:44'),(154,'ceshi','ceshi','2017-06-22 14:35:45'),(155,'ceshi','ceshi','2017-06-22 14:35:45'),(156,'ceshi','ceshi','2017-06-22 14:35:45'),(157,'ceshi','ceshi','2017-06-22 14:35:45'),(158,'ceshi','ceshi','2017-06-22 14:35:45'),(159,'ceshi','ceshi','2017-06-22 14:35:45'),(160,'ceshi','ceshi','2017-06-22 14:35:45'),(161,'ceshi','ceshi','2017-06-22 14:35:45'),(162,'ceshi','ceshi','2017-06-22 14:35:45'),(163,'ceshi','ceshi','2017-06-22 14:35:45'),(164,'ceshi','ceshi','2017-06-22 14:35:45'),(165,'ceshi','ceshi','2017-06-22 14:35:45'),(166,'ceshi','ceshi','2017-06-22 14:35:45'),(167,'ceshi','ceshi','2017-06-22 14:35:46'),(168,'ceshi','ceshi','2017-06-22 14:35:46'),(169,'ceshi','ceshi','2017-06-22 14:35:46'),(170,'ceshi','ceshi','2017-06-22 14:35:46'),(171,'ceshi','ceshi','2017-06-22 14:35:46'),(172,'ceshi','ceshi','2017-06-22 14:35:46'),(173,'ceshi','ceshi','2017-06-22 14:35:46'),(174,'ceshi','ceshi','2017-06-22 14:35:46'),(175,'ceshi','ceshi','2017-06-22 14:35:46'),(176,'ceshi','ceshi','2017-06-22 14:35:46'),(177,'ceshi','ceshi','2017-06-22 14:35:46'),(178,'ceshi','ceshi','2017-06-22 14:35:46'),(179,'ceshi','ceshi','2017-06-22 14:35:47'),(180,'ceshi','ceshi','2017-06-22 14:35:47'),(181,'ceshi','ceshi','2017-06-22 14:35:47'),(182,'ceshi','ceshi','2017-06-22 14:35:47'),(183,'ceshi','ceshi','2017-06-22 14:35:47'),(184,'ceshi','ceshi','2017-06-22 14:35:47'),(185,'ceshi','ceshi','2017-06-22 14:35:47'),(186,'ceshi','ceshi','2017-06-22 14:35:47'),(187,'ceshi','ceshi','2017-06-22 14:35:47'),(188,'ceshi','ceshi','2017-06-22 14:35:47'),(189,'ceshi','ceshi','2017-06-22 14:35:47'),(190,'ceshi','ceshi','2017-06-22 14:35:47'),(191,'ceshi','ceshi','2017-06-22 14:35:47'),(192,'ceshi','ceshi','2017-06-22 14:35:48'),(193,'ceshi','ceshi','2017-06-22 14:35:48'),(194,'ceshi','ceshi','2017-06-22 14:35:48'),(195,'ceshi','ceshi','2017-06-22 14:35:48'),(196,'ceshi','ceshi','2017-06-22 14:35:48'),(197,'ceshi','ceshi','2017-06-22 14:35:48'),(198,'ceshi','ceshi','2017-06-22 14:35:48'),(199,'ceshi','ceshi','2017-06-22 14:35:48'),(200,'ceshi','ceshi','2017-06-22 14:35:48');

/*Table structure for table `tb_news` */

DROP TABLE IF EXISTS `tb_news`;

CREATE TABLE `tb_news` (
  `news_id` int(11) NOT NULL AUTO_INCREMENT,
  `news_title` varchar(50) DEFAULT NULL,
  `news_content` varchar(1000) DEFAULT NULL,
  `news_time` timestamp NOT NULL DEFAULT CURRENT_TIMESTAMP ON UPDATE CURRENT_TIMESTAMP,
  PRIMARY KEY (`news_id`)
) ENGINE=InnoDB AUTO_INCREMENT=9 DEFAULT CHARSET=utf8;

/*Data for the table `tb_news` */

insert  into `tb_news`(`news_id`,`news_title`,`news_content`,`news_time`) values (1,'	黑龙江大学2017年引进人才公告','经过长达三个月的招生工作，来自全国各地的冰灯冰雕从业者、爱好者及高校师生踊跃报名，经初步审查符合条件的报名者近50余人。按照国家艺术基金“冰灯冰雕艺术设计与实践人才培养”项目学员名额为35人的限定，2016年10月22日在黑龙江大学艺术学院召开了复评大会，会议聘请行内专家朱晓东、纪连路、余雁、张红风四位导师担任审核委员，他们根据遴选条例的规定进行盲审，对每一位报名者的雕刻作品、参与项目、获奖情况等进行了详细严谨鉴定，为每位报名者的冰灯冰雕技艺、获奖和项目得分进行综合评定和现场打分，再与初评中报名者的相关成就得分相加进行排名，评审过程公开、公平、公正。最后遴选确定35位培养项目学员，现予以公布。','2017-04-20 13:47:18'),(2,'黑龙江大学2017年自主招生简章','经过长达三个月的招生工作，来自全国各地的冰灯冰雕从业者、爱好者及高校师生踊跃报名，经初步审查符合条件的报名者近50余人。按照国家艺术基金“冰灯冰雕艺术设计与实践人才培养”项目学员名额为35人的限定，2016年10月22日在黑龙江大学艺术学院召开了复评大会，会议聘请行内专家朱晓东、纪连路、余雁、张红风四位导师担任审核委员，他们根据遴选条例的规定进行盲审，对每一位报名者的雕刻作品、参与项目、获奖情况等进行了详细严谨鉴定，为每位报名者的冰灯冰雕技艺、获奖和项目得分进行综合评定和现场打分，再与初评中报名者的相关成就得分相加进行排名，评审过程公开、公平、公正。最后遴选确定35位培养项目学员，现予以公布。','2017-04-20 13:47:20'),(3,'我校国家艺术基金培养项目学员遴选名单确定','经过长达三个月的招生工作，来自全国各地的冰灯冰雕从业者、爱好者及高校师生踊跃报名，经初步审查符合条件的报名者近50余人。按照国家艺术基金“冰灯冰雕艺术设计与实践人才培养”项目学员名额为35人的限定，2016年10月22日在黑龙江大学艺术学院召开了复评大会，会议聘请行内专家朱晓东、纪连路、余雁、张红风四位导师担任审核委员，他们根据遴选条例的规定进行盲审，对每一位报名者的雕刻作品、参与项目、获奖情况等进行了详细严谨鉴定，为每位报名者的冰灯冰雕技艺、获奖和项目得分进行综合评定和现场打分，再与初评中报名者的相关成就得分相加进行排名，评审过程公开、公平、公正。最后遴选确定35位培养项目学员，现予以公布。','2017-04-20 13:47:22'),(4,'国家艺术基金冰灯冰雕培训项目招生简章','经过长达三个月的招生工作，来自全国各地的冰灯冰雕从业者、爱好者及高校师生踊跃报名，经初步审查符合条件的报名者近50余人。按照国家艺术基金“冰灯冰雕艺术设计与实践人才培养”项目学员名额为35人的限定，2016年10月22日在黑龙江大学艺术学院召开了复评大会，会议聘请行内专家朱晓东、纪连路、余雁、张红风四位导师担任审核委员，他们根据遴选条例的规定进行盲审，对每一位报名者的雕刻作品、参与项目、获奖情况等进行了详细严谨鉴定，为每位报名者的冰灯冰雕技艺、获奖和项目得分进行综合评定和现场打分，再与初评中报名者的相关成就得分相加进行排名，评审过程公开、公平、公正。最后遴选确定35位培养项目学员，现予以公布。','2017-04-20 13:47:25'),(5,'黑龙江大学2016届毕业生供需见面洽谈会邀请函','经过长达三个月的招生工作，来自全国各地的冰灯冰雕从业者、爱好者及高校师生踊跃报名，经初步审查符合条件的报名者近50余人。按照国家艺术基金“冰灯冰雕艺术设计与实践人才培养”项目学员名额为35人的限定，2016年10月22日在黑龙江大学艺术学院召开了复评大会，会议聘请行内专家朱晓东、纪连路、余雁、张红风四位导师担任审核委员，他们根据遴选条例的规定进行盲审，对每一位报名者的雕刻作品、参与项目、获奖情况等进行了详细严谨鉴定，为每位报名者的冰灯冰雕技艺、获奖和项目得分进行综合评定和现场打分，再与初评中报名者的相关成就得分相加进行排名，评审过程公开、公平、公正。最后遴选确定35位培养项目学员，现予以公布。','2017-04-20 13:47:27'),(6,'关于编制发布我校2014年本科教学质量报告的通知','经过长达三个月的招生工作，来自全国各地的冰灯冰雕从业者、爱好者及高校师生踊跃报名，经初步审查符合条件的报名者近50余人。按照国家艺术基金“冰灯冰雕艺术设计与实践人才培养”项目学员名额为35人的限定，2016年10月22日在黑龙江大学艺术学院召开了复评大会，会议聘请行内专家朱晓东、纪连路、余雁、张红风四位导师担任审核委员，他们根据遴选条例的规定进行盲审，对每一位报名者的雕刻作品、参与项目、获奖情况等进行了详细严谨鉴定，为每位报名者的冰灯冰雕技艺、获奖和项目得分进行综合评定和现场打分，再与初评中报名者的相关成就得分相加进行排名，评审过程公开、公平、公正。最后遴选确定35位培养项目学员，现予以公布。','2017-04-20 13:47:30'),(7,'中俄“哈巴日”散打、拳击赛15日下午在我校体育馆举行','经过长达三个月的招生工作，来自全国各地的冰灯冰雕从业者、爱好者及高校师生踊跃报名，经初步审查符合条件的报名者近50余人。按照国家艺术基金“冰灯冰雕艺术设计与实践人才培养”项目学员名额为35人的限定，2016年10月22日在黑龙江大学艺术学院召开了复评大会，会议聘请行内专家朱晓东、纪连路、余雁、张红风四位导师担任审核委员，他们根据遴选条例的规定进行盲审，对每一位报名者的雕刻作品、参与项目、获奖情况等进行了详细严谨鉴定，为每位报名者的冰灯冰雕技艺、获奖和项目得分进行综合评定和现场打分，再与初评中报名者的相关成就得分相加进行排名，评审过程公开、公平、公正。最后遴选确定35位培养项目学员，现予以公布。','2017-04-20 13:47:33'),(8,'关于举行“百威英博杯”第六届黑龙奖仪式的通知','经过长达三个月的招生工作，来自全国各地的冰灯冰雕从业者、爱好者及高校师生踊跃报名，经初步审查符合条件的报名者近50余人。按照国家艺术基金“冰灯冰雕艺术设计与实践人才培养”项目学员名额为35人的限定，2016年10月22日在黑龙江大学艺术学院召开了复评大会，会议聘请行内专家朱晓东、纪连路、余雁、张红风四位导师担任审核委员，他们根据遴选条例的规定进行盲审，对每一位报名者的雕刻作品、参与项目、获奖情况等进行了详细严谨鉴定，为每位报名者的冰灯冰雕技艺、获奖和项目得分进行综合评定和现场打分，再与初评中报名者的相关成就得分相加进行排名，评审过程公开、公平、公正。最后遴选确定35位培养项目学员，现予以公布。','2017-04-20 13:47:38');

/*Table structure for table `tb_reply` */

DROP TABLE IF EXISTS `tb_reply`;

CREATE TABLE `tb_reply` (
  `reply_id` int(11) NOT NULL AUTO_INCREMENT,
  `reply_content` varchar(1000) DEFAULT NULL,
  `reply_time` timestamp NOT NULL DEFAULT CURRENT_TIMESTAMP ON UPDATE CURRENT_TIMESTAMP,
  `reply_state` smallint(11) DEFAULT '0',
  `department_id` varchar(5) DEFAULT NULL,
  `advice_id` int(11) DEFAULT NULL,
  PRIMARY KEY (`reply_id`)
) ENGINE=InnoDB AUTO_INCREMENT=38 DEFAULT CHARSET=utf8;

/*Data for the table `tb_reply` */

insert  into `tb_reply`(`reply_id`,`reply_content`,`reply_time`,`reply_state`,`department_id`,`advice_id`) values (2,'3','2017-04-28 17:45:35',1,'1',104),(3,'4','2017-04-28 17:45:47',1,'2',105),(4,'4','2017-04-28 17:45:50',1,'3',106),(5,'498聚会就很难 ','2017-04-28 17:45:55',1,'5',107),(6,'444','2017-04-28 17:45:58',1,'3',108),(7,'1234567','2017-04-28 17:46:00',1,'1',109),(8,'1234567','2017-04-28 17:46:04',1,'1',110),(9,'1234567','2017-04-28 17:46:06',1,'1',111),(10,'123213af','2017-04-28 17:46:09',1,'1',112),(11,'123af','2017-04-28 17:46:10',1,'1',113),(12,'123zdvfa','2017-04-28 17:46:12',1,'1',114),(13,'123zdvfa','2017-04-28 17:46:15',1,'1',115),(14,'123zdvfa','2017-04-28 17:46:21',1,'1',116),(15,'wewfvfds vcd c','2017-04-28 16:11:47',0,'3',316),(16,'12345','2017-04-28 16:19:27',0,'4',291),(17,'1211331232123','2017-04-28 18:48:28',0,'5',317),(18,'啊无色大润发推广会尽快和规范太多人色温','2017-05-04 11:25:43',0,'1',103),(19,'我给他还有个发我的色发给你回复多少个回复虽然','2017-05-04 11:26:24',0,'1',104),(20,'我二姨感觉好热啊救命回归法人身份们就能','2017-05-04 11:33:16',0,'1',103),(21,'儿童与复古hi欧阳刚发给对方会尽快','2017-05-04 11:36:54',0,'1',103),(22,'阿尔回复你的改色费','2017-05-04 11:38:53',0,'1',103),(23,'阿尔回复你的改色费','2017-05-04 11:39:26',0,'1',103),(24,'阿尔回复你的改色费','2017-05-04 11:39:31',0,'1',103),(25,'阿尔回复你的改色费','2017-05-04 11:52:10',0,'1',103),(26,'ertyuiuytdfghjiufdghjkjhgfghjkljhgfghjk','2017-05-04 12:07:24',0,'1',103),(27,'derftyuytryuiuytyuiuytui','2017-05-04 12:09:22',0,'1',103),(28,'wdrgtyuiewquftgy','2017-06-21 21:18:36',0,'1',103),(29,'wdrgtyuiewquftgy','2017-06-21 21:19:17',0,'1',103),(30,'dfygugfdxfhyjkui','2017-06-21 21:19:48',0,'1',103),(31,'dfygugfdxfhyjkui','2017-06-21 21:20:02',0,'1',103),(32,'asdfasdf','2017-06-21 21:27:12',0,'1',104),(33,'uyardsef9wipedugthodgbhkjlfs;odaejhgbnjkl','2017-06-21 21:29:46',0,'1',104),(34,'uhytr','2017-06-22 09:49:42',0,NULL,103),(35,'sdfghj','2017-06-22 09:50:11',0,NULL,116),(36,'浣犲ソ','2017-06-22 23:20:20',NULL,NULL,103),(37,'你好','2017-06-22 23:42:53',0,NULL,103);

/*!40101 SET SQL_MODE=@OLD_SQL_MODE */;
/*!40014 SET FOREIGN_KEY_CHECKS=@OLD_FOREIGN_KEY_CHECKS */;
/*!40014 SET UNIQUE_CHECKS=@OLD_UNIQUE_CHECKS */;
/*!40111 SET SQL_NOTES=@OLD_SQL_NOTES */;
